{
    "loss": 0.5333799719810486,
    "accuracy": 0.9482758641242981
}